ID,name,dateOfBirth,placeOfBirth,dateOfDeath,placeOfDeath
101,Emily Brontë,1818-07-30,"Thornton, Yorkshire",1848-12-19,"Haworth, Yorkshire"
107,Charlotte Brontë,1818-04-21,"Thornton, Yorkshire",1855-03-31,"Haworth, Yorkshire"
108,Anne Brontë,1820-01-17,"Thornton, Yorkshire",1849-05-28,"Scarborough, Yorkshire"
150,Edgar Allan Poe,1809-01-19,"Boston, Massachusetts",1849-10-07,"Baltimore, Maryland"
170,Richard Carpenter,1929-08-14,"King’s Lynn, Norfolk",2012-02-26,"Hertfordshire, England"
171,Oscar Wilde,1854-10-16,"Dublin, Ireland",1900-11-30,"Paris, France"
172,George Bernard Shaw,1856-07-26,"Dublin, Ireland",1950-11-02,"Ayot St Lawrence, England"
173,Henrik Ibsen,1828-03-20,"Skien, Norway",1906-05-23,"Kristiania (Oslo), Norway"
174,Anton Chekhov,1860-01-29,"Taganrog, Russia",1904-07-15,"Badenweiler, Germany"
175,Sophocles,,"Colonus, near Athens, Greece",,"Athens, Greece"
176,Euripides,,"Salamis, Greece",,"Macedonia, Greece"
177,Aeschylus,,"Eleusis, Greece",,"Gela, Sicily"
178,Arthur Miller,1915-10-17,"Harlem, New York City, USA",2005-02-10,"Roxbury, Connecticut, USA"
179,Tennessee Williams,1911-03-26,"Columbus, Mississippi, USA",1983-02-25,"New York City, USA"
180,Samuel Beckett,1906-04-13,"Foxrock, Dublin, Ireland",1989-12-22,"Paris, France"
